{
  "project_info": {
    "project_number": "581787695538",
    "project_id": "authenticationapp-8da8c",
    "storage_bucket": "authenticationapp-8da8c.appspot.com"
  },
  "client": [
    {
      "client_info": {
        "mobilesdk_app_id": "1:581787695538:android:b42e4cf44fb5ea1e770cab",
        "android_client_info": {
          "package_name": "com.example.authenticationapp"
        }
      },
      "oauth_client": [
        {
          "client_id": "581787695538-7lphdqm2o7srlkkfrgjdfg37nghq3e8n.apps.googleusercontent.com",
          "client_type": 3
        }
      ],
      "api_key": [
        {
          "current_key": "AIzaSyAF61y5J_Jm0epYI-WowEy43hNsNF2O8NU"
        }
      ],
      "services": {
        "appinvite_service": {
          "other_platform_oauth_client": [
            {
              "client_id": "581787695538-7lphdqm2o7srlkkfrgjdfg37nghq3e8n.apps.googleusercontent.com",
              "client_type": 3
            }
          ]
        }
      }
    }
  ],
  "configuration_version": "1"
}